{"test_mean_score": -0.9992657342657343, "test_smoothed_score": -0.9999265734265734, "test_mean_completion": 0.4, "test_smoothed_completion": 0.039999999999999994, "training_normalized_score": -1.069055944055944, "training_smoothed_normalized_score": -1.0308992562346244, "training_completion": 0.3333333333333333, "training_smoothed_completion": 0.042538457485827276, "_runtime": 381, "_timestamp": 1632235168, "_step": 16, "_wandb": {"runtime": 386}}