{"test_mean_score": -0.7005281690140845, "test_smoothed_score": -0.8950323313380282, "test_mean_completion": 0.3, "test_smoothed_completion": 0.11005589999999998, "training_normalized_score": 0.09066901408450705, "training_smoothed_normalized_score": -0.17077510263853998, "training_completion": 1.0, "training_smoothed_completion": 0.876264214319711, "_runtime": 4092, "_timestamp": 1630968348, "_step": 500, "_wandb": {"runtime": 4090}}