{"test_mean_score": -0.7432511737089201, "test_smoothed_score": -0.8999955434272301, "test_mean_completion": 0.3333333333333333, "test_smoothed_completion": 0.11110983333333331, "training_normalized_score": -0.21742957746478872, "training_smoothed_normalized_score": -0.8178348129522306, "training_completion": 1.0, "training_smoothed_completion": 0.2518735909465723, "epsilon": 0.5989560064661611, "episode": 50, "_runtime": 681, "_timestamp": 1630779656, "_step": 50, "_wandb": {"runtime": 679}}