{"test_mean_score": -0.2612676056338028, "test_smoothed_score": -0.780782672359155, "test_mean_completion": 0.8, "test_smoothed_completion": 0.24468379999999998, "training_normalized_score": -0.12588028169014084, "training_smoothed_normalized_score": -0.2771874908877839, "training_completion": 1.0, "training_smoothed_completion": 0.8574765679000363, "epsilon": 0.01, "episode": 500, "_runtime": 3828, "_timestamp": 1630940803, "_step": 500, "_wandb": {"runtime": 3826}}