{"test_mean_score": -0.06043210621820002, "test_smoothed_score": -0.5691030307996353, "test_mean_completion": 0.5, "test_smoothed_completion": 0.13306999999999997, "training_normalized_score": -0.015716264782165753, "training_smoothed_normalized_score": -0.040874681469923416, "training_completion": 1.0, "training_smoothed_completion": 0.847980906618635, "epsilon": 0.01, "episode": 500, "_runtime": 4210, "_timestamp": 1630911246, "_step": 500, "_wandb": {"runtime": 4209}}