{"test_mean_score": -1.4973591549295775, "test_smoothed_score": -1.0006521813380282, "test_mean_completion": 0.0, "test_smoothed_completion": 0.15809399999999998, "training_normalized_score": -0.22403169014084506, "training_smoothed_normalized_score": -0.331107733060922, "training_completion": 1.0, "training_smoothed_completion": 0.8295274772375835, "_runtime": 3956, "_timestamp": 1630956876, "_step": 500, "_wandb": {"runtime": 3954}}