{"test_mean_score": -0.7798717160089295, "test_smoothed_score": -0.8422877240444202, "test_mean_completion": 0.1, "test_smoothed_completion": 0.12246489999999997, "training_normalized_score": -0.06402205825846785, "training_smoothed_normalized_score": -0.2923261664960778, "training_completion": 1.0, "training_smoothed_completion": 0.8171506405096646, "epsilon": 0.01, "episode": 500, "_runtime": 3804, "_timestamp": 1630865256, "_step": 500, "_wandb": {"runtime": 3803}}