{"test_mean_score": -0.5190845070422534, "test_smoothed_score": -0.9519084507042254, "test_mean_completion": 0.54, "test_smoothed_completion": 0.05399999999999999, "training_normalized_score": -0.6813380281690141, "training_smoothed_normalized_score": -0.9525665434077136, "training_completion": 0.5, "training_smoothed_completion": 0.07023603911825853, "epsilon": 0.8097278682212583, "episode": 20, "_runtime": 360, "_timestamp": 1630774966, "_step": 20}