{"test_mean_score": -0.5190845070422534, "test_smoothed_score": -0.9519084507042254, "test_mean_completion": 0.54, "test_smoothed_completion": 0.05399999999999999, "training_normalized_score": -0.2632042253521127, "training_smoothed_normalized_score": -0.739034156064303, "training_completion": 1.0, "training_smoothed_completion": 0.3710624893790689, "epsilon": 0.38878391807422696, "episode": 93, "_runtime": 1241, "_timestamp": 1630775847, "_step": 93}