{"test_mean_score": -0.2049295774647887, "test_smoothed_score": -0.8549448169014084, "test_mean_completion": 0.9, "test_smoothed_completion": 0.15953399999999998, "training_normalized_score": -0.176056338028169, "training_smoothed_normalized_score": -0.31520631422522916, "training_completion": 1.0, "training_smoothed_completion": 0.8291682976674869, "_runtime": 3687, "_timestamp": 1630944753, "_step": 500, "_wandb": {"runtime": 3685}}