{"test_mean_score": -0.39366197183098595, "test_smoothed_score": -0.8274032183098592, "test_mean_completion": 0.7, "test_smoothed_completion": 0.19310199999999994, "training_normalized_score": -0.15316901408450703, "training_smoothed_normalized_score": -0.29857656805263083, "training_completion": 1.0, "training_smoothed_completion": 0.8520367588245252, "_runtime": 3717, "_timestamp": 1630983497, "_step": 500, "_wandb": {"runtime": 3715}}