{"test_mean_score": -1.1363219647255978, "test_smoothed_score": -1.0115329518563927, "test_mean_completion": 0.08, "test_smoothed_completion": 0.051559999999999995, "training_normalized_score": -0.14216245697272853, "training_smoothed_normalized_score": -0.43457287104837616, "training_completion": 1.0, "training_smoothed_completion": 0.8038786172043886, "epsilon": 0.04904089407128576, "episode": 299, "_runtime": 2934, "_timestamp": 1630861227, "_step": 299}