{"test_mean_score": -0.5413732394366197, "test_smoothed_score": -0.9046078679577465, "test_mean_completion": 0.7, "test_smoothed_completion": 0.24983259999999993, "training_normalized_score": -0.1034330985915493, "training_smoothed_normalized_score": -0.46976195206849436, "training_completion": 1.0, "training_smoothed_completion": 0.8307886439428781, "_runtime": 3680, "_timestamp": 1630987191, "_step": 500, "_wandb": {"runtime": 3678}}