{"test_mean_score": -0.3739138268977876, "test_smoothed_score": -0.7354604477481563, "test_mean_completion": 0.4, "test_smoothed_completion": 0.13790199999999997, "training_normalized_score": -0.03771281194823849, "training_smoothed_normalized_score": -0.16334375168062717, "training_completion": 1.0, "training_smoothed_completion": 0.883430898669581, "epsilon": 0.01, "episode": 500, "_runtime": 4056, "_timestamp": 1630915316, "_step": 500, "_wandb": {"runtime": 4054}}