{"test_mean_score": -0.409419014084507, "test_smoothed_score": -0.6818641540492959, "test_mean_completion": 0.2, "test_smoothed_completion": 0.15013999999999994, "training_normalized_score": -0.3829225352112676, "training_smoothed_normalized_score": -0.04200558846029593, "training_completion": 0.5, "training_smoothed_completion": 0.7966445583168101, "_runtime": 3610, "_timestamp": 1630994627, "_step": 500, "_wandb": {"runtime": 3608}}