{"test_mean_score": -0.5229547583660462, "test_smoothed_score": -0.9276761088892963, "test_mean_completion": 0.7, "test_smoothed_completion": 0.22602579999999994, "training_normalized_score": -0.7545640315473661, "training_smoothed_normalized_score": -0.41011510756975306, "training_completion": 1.0, "training_smoothed_completion": 0.8984387551812647, "epsilon": 0.01, "episode": 500, "_runtime": 3652, "_timestamp": 1630903351, "_step": 500, "_wandb": {"runtime": 3650}}