{"test_mean_score": -0.037364581087060214, "test_smoothed_score": -0.5686170633159365, "test_mean_completion": 0.7, "test_smoothed_completion": 0.12705099999999997, "training_normalized_score": -0.00754549647542686, "training_smoothed_normalized_score": -0.04222490219022202, "training_completion": 1.0, "training_smoothed_completion": 0.7941806954605078, "epsilon": 0.01, "episode": 500, "_runtime": 3947, "_timestamp": 1630899685, "_step": 500, "_wandb": {"runtime": 3944}}