{"test_mean_score": -0.8238556338028168, "test_smoothed_score": -1.0440931839788732, "test_mean_completion": 0.5, "test_smoothed_completion": 0.146912, "training_normalized_score": -0.06778169014084508, "training_smoothed_normalized_score": -0.523630072985071, "training_completion": 1.0, "training_smoothed_completion": 0.7990383194875968, "_runtime": 3699, "_timestamp": 1630960592, "_step": 500, "_wandb": {"runtime": 3697}}