{"test_mean_score": -1.118690261799005, "test_smoothed_score": -1.1100647629066642, "test_mean_completion": 0.4, "test_smoothed_completion": 0.15913299999999997, "training_normalized_score": -0.35318453072826667, "training_smoothed_normalized_score": -0.529288969203924, "training_completion": 1.0, "training_smoothed_completion": 0.8586793970638095, "epsilon": 0.01, "episode": 500, "_runtime": 3767, "_timestamp": 1630876844, "_step": 500, "_wandb": {"runtime": 3766}}