{"test_mean_score": -0.3970070422535212, "test_smoothed_score": -0.8889394207746478, "test_mean_completion": 0.6666666666666666, "test_smoothed_completion": 0.12096666666666664, "training_normalized_score": -0.23591549295774647, "training_smoothed_normalized_score": -0.8440183043343457, "training_completion": 1.0, "training_smoothed_completion": 0.23033590336841425, "epsilon": 0.5989560064661611, "episode": 50, "_runtime": 664, "_timestamp": 1630780336, "_step": 50, "_wandb": {"runtime": 661}}