{"test_mean_score": -0.7412677364558095, "test_smoothed_score": -1.007217378500046, "test_mean_completion": 0.6, "test_smoothed_completion": 0.1882968, "training_normalized_score": -0.11375630476622411, "training_smoothed_normalized_score": -0.5669336449146641, "training_completion": 1.0, "training_smoothed_completion": 0.8170285991276486, "epsilon": 0.01, "episode": 500, "_runtime": 4069, "_timestamp": 1630869340, "_step": 500, "_wandb": {"runtime": 4068}}