{"test_mean_score": -0.26737418848056527, "test_smoothed_score": -0.9562673360613021, "test_mean_completion": 0.9, "test_smoothed_completion": 0.21371399999999996, "training_normalized_score": -0.3694144731055586, "training_smoothed_normalized_score": -0.46589522835204195, "training_completion": 1.0, "training_smoothed_completion": 0.8585166808246886, "epsilon": 0.01, "episode": 500, "_runtime": 3846, "_timestamp": 1630888084, "_step": 500, "_wandb": {"runtime": 3844}}