{"test_mean_score": -0.8424619225833438, "test_smoothed_score": -0.9269361455258103, "test_mean_completion": 0.4, "test_smoothed_completion": 0.18998499999999996, "training_normalized_score": -0.16724240543302366, "training_smoothed_normalized_score": -0.4170374913344531, "training_completion": 1.0, "training_smoothed_completion": 0.8412733702871731, "epsilon": 0.01, "episode": 500, "_runtime": 3807, "_timestamp": 1630891905, "_step": 500, "_wandb": {"runtime": 3805}}