{"test_mean_score": -0.4492667790647511, "test_smoothed_score": -0.9151347292898078, "test_mean_completion": 0.7, "test_smoothed_completion": 0.17502099999999995, "training_normalized_score": -0.2235068163324421, "training_smoothed_normalized_score": -0.3970485203305574, "training_completion": 1.0, "training_smoothed_completion": 0.8330097196545563, "epsilon": 0.01, "episode": 500, "_runtime": 3693, "_timestamp": 1630884221, "_step": 500, "_wandb": {"runtime": 3691}}