{"test_mean_score": -0.4164612676056338, "test_smoothed_score": -0.9433733107394366, "test_mean_completion": 0.8, "test_smoothed_completion": 0.212273, "training_normalized_score": -0.17341549295774647, "training_smoothed_normalized_score": -0.45038297230334656, "training_completion": 1.0, "training_smoothed_completion": 0.8560615682902591, "_runtime": 3840, "_timestamp": 1630972202, "_step": 500, "_wandb": {"runtime": 3838}}