{"test_mean_score": -0.2827464788732394, "test_smoothed_score": -0.7789213987676056, "test_mean_completion": 0.8, "test_smoothed_completion": 0.24425089999999997, "training_normalized_score": -0.06602112676056338, "training_smoothed_normalized_score": -0.31478883871390145, "training_completion": 1.0, "training_smoothed_completion": 0.8375369633658362, "_runtime": 3896, "_timestamp": 1630998535, "_step": 500, "_wandb": {"runtime": 3894}}