{"test_mean_score": -0.7869775610995975, "test_smoothed_score": -1.0247883577679235, "test_mean_completion": 0.5, "test_smoothed_completion": 0.13685, "training_normalized_score": -0.10008248833287434, "training_smoothed_normalized_score": -0.3931056454339446, "training_completion": 1.0, "training_smoothed_completion": 0.8858562668222966, "epsilon": 0.01, "episode": 500, "_runtime": 3806, "_timestamp": 1630895725, "_step": 500, "_wandb": {"runtime": 3804}}