{"test mean score": -0.22704225352112672, "test smoothed score": -0.6506977221211357, "test mean completion": 0.86, "test smoothed completion": 0.39292080601819984, "training normalized score": -0.12059859154929578, "training smoothed normalized score": -0.24742514365580384, "training completion": 1.0, "training smoothed completion": 0.8655004968613284, "epsilon": 0.01, "episode": 1096, "_runtime": 8188, "_timestamp": 1630772834, "_step": 1096}