{"test_mean_score": -0.2733448275862069, "test_smoothed_score": -0.8429299742413793, "test_mean_completion": 0.8800000000000001, "test_smoothed_completion": 0.29059863999999996, "training_normalized_score": -1.4974137931034484, "training_smoothed_normalized_score": -0.6203207395958539, "training_completion": 0.0, "training_smoothed_completion": 0.6465978119566952, "_runtime": 10098, "_timestamp": 1631013427, "_step": 500, "_wandb": {"runtime": 10097}}