{"test_mean_score": -0.844718309859155, "test_smoothed_score": -1.0015198678697181, "test_mean_completion": 0.5, "test_smoothed_completion": 0.17232889999999995, "training_normalized_score": -0.1483274647887324, "training_smoothed_normalized_score": -0.4424156031638165, "training_completion": 1.0, "training_smoothed_completion": 0.8761419619131993, "_runtime": 3685, "_timestamp": 1630979763, "_step": 500, "_wandb": {"runtime": 3683}}