{"test_mean_score": -0.681924882629108, "test_smoothed_score": -0.8928856062206573, "test_mean_completion": 0.3333333333333333, "test_smoothed_completion": 0.11448333333333331, "training_normalized_score": -0.9982394366197183, "training_smoothed_normalized_score": -0.8271303582542245, "training_completion": 0.0, "training_smoothed_completion": 0.2516993693123416, "epsilon": 0.5989560064661611, "episode": 50, "_runtime": 902, "_timestamp": 1630777339, "_step": 50, "_wandb": {"runtime": 907}}