{"test_mean_score": -0.9982394366197184, "test_smoothed_score": -0.9048572244718308, "test_mean_completion": 0.0, "test_smoothed_completion": 0.10683299999999998, "training_normalized_score": -0.1619718309859155, "training_smoothed_normalized_score": -0.8119169797113724, "training_completion": 1.0, "training_smoothed_completion": 0.2838237787266567, "epsilon": 0.5989560064661611, "episode": 50, "_runtime": 829, "_timestamp": 1630778961, "_step": 50, "_wandb": {"runtime": 827}}