{"test_mean_score": -0.869424882629108, "test_smoothed_score": -0.9749350780516429, "test_mean_completion": 0.16666666666666666, "test_smoothed_completion": 0.028816666666666664, "training_normalized_score": -0.2535211267605634, "training_smoothed_normalized_score": -0.8126660955520888, "training_completion": 1.0, "training_smoothed_completion": 0.26002999729275617, "epsilon": 0.5989560064661611, "episode": 50, "_runtime": 714, "_timestamp": 1630781064, "_step": 50, "_wandb": {"runtime": 712}}