{"test_mean_score": -0.32870674125426497, "test_smoothed_score": -0.9602801560421443, "test_mean_completion": 0.9, "test_smoothed_completion": 0.18116099999999996, "training_normalized_score": -0.05238473824309688, "training_smoothed_normalized_score": -0.37018672559539856, "training_completion": 1.0, "training_smoothed_completion": 0.8960054443619834, "epsilon": 0.01, "episode": 500, "_runtime": 3703, "_timestamp": 1630873059, "_step": 500, "_wandb": {"runtime": 3702}}