{"test_mean_score": -0.203169014084507, "test_smoothed_score": -1.0157993908450706, "test_mean_completion": 1.0, "test_smoothed_completion": 0.25155999999999995, "training_normalized_score": -0.5845070422535211, "training_smoothed_normalized_score": -0.5841251873999416, "training_completion": 1.0, "training_smoothed_completion": 0.8558253251886984, "_runtime": 3834, "_timestamp": 1630976051, "_step": 500, "_wandb": {"runtime": 3832}}