{"test_mean_score": -0.2847711267605634, "test_smoothed_score": -0.8595158485915495, "test_mean_completion": 0.9, "test_smoothed_completion": 0.273213, "training_normalized_score": -0.09154929577464789, "training_smoothed_normalized_score": -0.41787495466841573, "training_completion": 1.0, "training_smoothed_completion": 0.8957552377933568, "_runtime": 3632, "_timestamp": 1630964239, "_step": 500, "_wandb": {"runtime": 3630}}