{"test_mean_score": -0.1699823943661972, "test_smoothed_score": -0.8613708318661972, "test_mean_completion": 1.0, "test_smoothed_completion": 0.2823129999999999, "training_normalized_score": -0.14964788732394366, "training_smoothed_normalized_score": -0.4780431523626628, "training_completion": 1.0, "training_smoothed_completion": 0.7903656188985332, "_runtime": 3977, "_timestamp": 1631722579, "_step": 500, "_wandb": {"runtime": 3975}}