{"test_mean_score": -0.3204195804195804, "test_smoothed_score": -0.5332784206372815, "test_mean_completion": 0.88, "test_smoothed_completion": 0.6467827207000505, "training_normalized_score": -1.027097902097902, "training_smoothed_normalized_score": -0.4031151287360895, "training_completion": 0.3333333333333333, "training_smoothed_completion": 0.8317921407467727, "_runtime": 52959, "_timestamp": 1632478588, "_step": 1502, "_wandb": {"runtime": 52962}}