{"test_mean_score": -0.8418427230046946, "test_smoothed_score": -0.9252036358568074, "test_mean_completion": 0.16666666666666666, "test_smoothed_completion": 0.08494966666666666, "training_normalized_score": -0.6883802816901409, "training_smoothed_normalized_score": -0.8137827227533101, "training_completion": 0.5, "training_smoothed_completion": 0.24816247844053207, "epsilon": 0.5989560064661611, "episode": 50, "_runtime": 743, "_timestamp": 1630778106, "_step": 50, "_wandb": {"runtime": 755}}