{"test_mean_score": -1.270448275862069, "test_smoothed_score": -1.027044827586207, "test_mean_completion": 0.24000000000000005, "test_smoothed_completion": 0.024, "training_normalized_score": -1.2186206896551723, "training_smoothed_normalized_score": -1.04085531165886, "training_completion": 0.2, "training_smoothed_completion": 0.2143989474535756, "_runtime": 2450, "_timestamp": 1631638160, "_step": 89}