{"test_mean_score": -0.3527512828203399, "test_smoothed_score": -0.8459257137697502, "test_mean_completion": 0.7, "test_smoothed_completion": 0.17412999999999995, "training_normalized_score": -0.3465837997914217, "training_smoothed_normalized_score": -0.2794499191227959, "training_completion": 1.0, "training_smoothed_completion": 0.8744152358537629, "epsilon": 0.01, "episode": 500, "_runtime": 3654, "_timestamp": 1630907020, "_step": 500, "_wandb": {"runtime": 3651}}