{"test_mean_score": -0.3936363636363637, "test_smoothed_score": -0.4843578644070909, "test_mean_completion": 0.8266666666666667, "test_smoothed_completion": 0.7136318484673079, "training_normalized_score": -0.17045454545454544, "training_smoothed_normalized_score": -0.3525867926841608, "training_completion": 1.0, "training_smoothed_completion": 0.8610273342240413, "_runtime": 13374, "_timestamp": 1632234735, "_step": 2000, "_wandb": {"runtime": 13373}}