{"test_mean_score": -0.9982394366197184, "test_smoothed_score": -0.9998239436619718, "test_mean_completion": 0.0, "test_smoothed_completion": 0.0, "training_normalized_score": -0.9982394366197183, "training_smoothed_normalized_score": -0.9550353721139873, "training_completion": 0.0, "training_smoothed_completion": 0.06925992563358166, "epsilon": 0.8514577710948754, "episode": 15, "_runtime": 462, "_timestamp": 1630773950, "_step": 15}