{"test_mean_score": -0.4399647887323943, "test_smoothed_score": -0.813809292253521, "test_mean_completion": 0.6, "test_smoothed_completion": 0.20660099999999998, "training_normalized_score": -0.1311619718309859, "training_smoothed_normalized_score": -0.31196784769668334, "training_completion": 1.0, "training_smoothed_completion": 0.8529323692945572, "_runtime": 3796, "_timestamp": 1630991003, "_step": 500, "_wandb": {"runtime": 3794}}