{"test_mean_score": -0.5339788732394366, "test_smoothed_score": -0.8814157447183099, "test_mean_completion": 0.7, "test_smoothed_completion": 0.26316699999999993, "training_normalized_score": -1.4973591549295775, "training_smoothed_normalized_score": -0.6551075535870835, "training_completion": 0.0, "training_smoothed_completion": 0.6467451324425313, "_runtime": 5046, "_timestamp": 1631643285, "_step": 500, "_wandb": {"runtime": 5044}}