{"test_mean_score": -0.8331456722331276, "test_smoothed_score": -0.9647190432165296, "test_mean_completion": 0.5, "test_smoothed_completion": 0.20377399999999996, "training_normalized_score": -0.15581316253246538, "training_smoothed_normalized_score": -0.475702229488054, "training_completion": 1.0, "training_smoothed_completion": 0.8326768846456319, "epsilon": 0.01, "episode": 500, "_runtime": 3651, "_timestamp": 1630880511, "_step": 500, "_wandb": {"runtime": 3649}}