{"test_mean_score": -0.4047535211267606, "test_smoothed_score": -0.65274082596831, "test_mean_completion": 0.2, "test_smoothed_completion": 0.19568989999999997, "training_normalized_score": -0.49911971830985913, "training_smoothed_normalized_score": -0.06095810623494464, "training_completion": 0.0, "training_smoothed_completion": 0.7807715042454525, "_runtime": 4006, "_timestamp": 1630952908, "_step": 500, "_wandb": {"runtime": 4004}}