{"test_mean_score": -0.21514084507042255, "test_smoothed_score": -1.0860864049295775, "test_mean_completion": 1.0, "test_smoothed_completion": 0.21662199999999995, "training_normalized_score": -0.11091549295774648, "training_smoothed_normalized_score": -0.572886767852503, "training_completion": 1.0, "training_smoothed_completion": 0.8597637086262743, "_runtime": 4118, "_timestamp": 1630948888, "_step": 500, "_wandb": {"runtime": 4116}}